number_of_samples,step,duration,version,cpu_user_diff,cpu_system_diff,cpu_user_system_diff,cpu_idle_diff,cpu_iowait_diff,memory_ram_max,memory_swap_max,memory_ram_swap_max,memory_ram_min,memory_swap_min,memory_ram_swap_min,disk_read_count_diff,disk_write_count_diff,disk_read_bytes_diff,disk_write_bytes_diff,disk_read_time_diff,disk_write_time_diff,disk_busy_time_diff,network_received_count_diff,network_sent_count_diff,network_received_bytes_diff,network_sent_bytes_diff,network_received_error_diff,network_sent_error_diff,network_received_drop_diff,network_sent_drop_diff
55,1,5.6831,2,3.44,1.71,5.15,38.34,1.41,1612140544,650502144,2262544384,0,0,0,42,4975,798720,90046464,10,3396,3372,40,416,4218,223154,0,0,0,0
515,2,53.7739,2,55.77,6.47,62.24,364.53,0.51,1751216128,651517952,2402697216,1594232832,651476992,2245750784,14,2950,360448,114147328,18,2321,1452,1486,5297,11936705,2339349,0,0,0,0
160,3,16.6958,2,11.82,6.56,18.38,114.54,0.09,26553614336,650981376,27204575232,1614237696,650956800,2265219072,7,398,28672,9949184,4,287,244,164,1160,20691,675609,0,0,0,0
49,4,5.1184,2,4.76,1.97,6.73,33.75,0.01,26814398464,623677440,27438075904,26640044032,623677440,27263721472,0,2,0,110592,0,3,8,382,545,1548601,756965,0,0,0,0
