number_of_samples,step,duration,version,cpu_user_diff,cpu_system_diff,cpu_user_system_diff,cpu_idle_diff,cpu_iowait_diff,memory_ram_max,memory_swap_max,memory_ram_swap_max,memory_ram_min,memory_swap_min,memory_ram_swap_min,disk_read_count_diff,disk_write_count_diff,disk_read_bytes_diff,disk_write_bytes_diff,disk_read_time_diff,disk_write_time_diff,disk_busy_time_diff,network_received_count_diff,network_sent_count_diff,network_received_bytes_diff,network_sent_bytes_diff,network_received_error_diff,network_sent_error_diff,network_received_drop_diff,network_sent_drop_diff
183,1,19.1434,2,14.44,4.62,19.06,121.39,10.11,1775464448,621559808,2397024256,0,0,0,20,31033,335872,777764864,7,24743,16840,129,1653,16465,886053,0,0,0,0
4744,2,493.8804,2,504.86,53.07,557.93,3367.81,1.82,2687549440,623112192,3309395968,1770516480,621838336,2393628672,139,5763,1765376,806801408,43,9676,4188,7547,45155,118131012,22670362,0,0,0,0
296,3,30.8865,2,46.75,7.29,54.04,192.1,0.07,26903445504,621604864,27525025792,1771864064,621576192,2393468928,4,410,24576,27422720,2,495,192,199,2361,26874,1323359,0,0,0,0
395,4,41.3818,2,38.77,9.62,48.39,282.99,0.55,27525574656,621834240,28147318784,26914414592,621744128,27536248832,15,345,143360,318173184,36,2289,760,4078,5762,17010118,8036085,0,0,0,0
